Grupo;Selección;Dorsal;Posición;Nombre;Equipo;Liga;Nacimiento
A;Alemania;12;PT;Oliver Baumann;TSG 1899 Hoffenheim;Bundesliga;02/06/1990
A;Alemania;1;PT;Manuel Neuer;Bayern Múnich;Bundesliga;27/03/1986
A;Alemania;15;PT;Alexander Nübel;Stuttgart;Bundesliga;30/09/1996
A;Alemania;22;PT;Marc-André Ter Stegen;Barcelona;La Liga;30/04/1992
A;Alemania;16;DF;Waldemar Anton;Stuttgart;Bundesliga;20/07/1996
A;Alemania;20;DF;Benjamin Henrichs;RB Leipzig;Bundesliga;23/02/1997
A;Alemania;6;DF;Joshua Kimmich;Bayern Múnich;Bundesliga;08/02/1995
A;Alemania;24;DF;Robin Koch;Eintracht Frankfurt;Bundesliga;17/07/1996
A;Alemania;18;DF;Maximilian Mittelstädt;Stuttgart;Bundesliga;18/03/1997
A;Alemania;3;DF;David Raum;RB Leipzig;Bundesliga;22/04/1998
A;Alemania;2;DF;Antonio Rüdiger;Real Madrid;La Liga;03/03/1993
A;Alemania;27;DF;Nico Schlotterbeck;Borussia Dortmund;Bundesliga;01/12/1999
A;Alemania;4;DF;Jonathan Tah;Bayer Leverkusen;Bundesliga;11/02/1996
A;Alemania;23;MC;Robert Andrich;Bayer Leverkusen;Bundesliga;22/09/1994
A;Alemania;11;MC;Chris Führich;Stuttgart;Bundesliga;09/01/1998
A;Alemania;5;MC;Pascal Groß;Brighton & Hove Albion;Premier League;15/06/1991
A;Alemania;21;MC;Ilkay Gündogan;Barcelona;La Liga;24/10/1990
A;Alemania;8;MC;Toni Kroos;Real Madrid;La Liga;04/01/1990
A;Alemania;10;MC;Jamal Musiala;Bayern Múnich;Bundesliga;26/02/2003
A;Alemania;25;MC;Aleksandar Pavlovic;Bayern Múnich;Bundesliga;15/07/2003
A;Alemania;19;MC;Leroy Sané;Bayern Múnich;Bundesliga;11/01/1996
A;Alemania;17;MC;Florian Wirtz;Bayer Leverkusen;Bundesliga;03/05/2003
A;Alemania;14;DL;Maximilian Beier;TSG 1899 Hoffenheim;Bundesliga;17/10/2002
A;Alemania;9;DL;Niclas Füllkrug;Borussia Dortmund;Bundesliga;09/02/1993
A;Alemania;7;DL;Kai Havertz;Arsenal;Premier League;11/06/1999
A;Alemania;13;DL;Thomas Müller;Bayern Múnich;Bundesliga;13/09/1989
A;Alemania;26;DL;Deniz Undav;Stuttgart;Bundesliga;19/07/1996
A;Escocia;;PT;Zander Clark;Heart of Midlothian;Scottish Premiership;26/06/1992
A;Escocia;;PT;Craig Gordon;Heart of Midlothian;Scottish Premiership;31/12/1982
A;Escocia;;PT;Angus Gunn;Norwich City;Championship;22/01/1996
A;Escocia;;PT;Liam Kelly;Motherwell;Scottish Premiership;23/01/1996
A;Escocia;;DF;Liam Cooper;Leeds United;Championship;30/08/1991
A;Escocia;;DF;Grant Hanley;Norwich City;Championship;20/11/1991
A;Escocia;;DF;Jack Hendry;Al-Ettifaq;Saudi Pro League;07/05/1995
A;Escocia;;DF;Scott McKenna;FC København;Superligaen;12/11/1996
A;Escocia;;DF;Ross McCrorie;Bristol City;Championship;18/03/1998
A;Escocia;;DF;Ryan Porteous;Watford;Championship;25/03/1999
A;Escocia;;DF;Anthony Ralston;Celtic;Scottish Premiership;16/11/1998
A;Escocia;;DF;Andrew Robertson;Liverpool;Premier League;11/03/1994
A;Escocia;;DF;John Souttar;Rangers;Scottish Premiership;25/09/1996
A;Escocia;;DF;Greg Taylor;Celtic;Scottish Premiership;05/11/1997
A;Escocia;;DF;Kieran Tierney;Real Sociedad;La Liga;05/06/1997
A;Escocia;;MC;Stuart Armstrong;Southampton;Championship;30/03/1992
A;Escocia;;MC;Ryan Christie;AFC Bournemouth;Premier League;22/02/1995
A;Escocia;;MC;Billy Gilmour;Brighton & Hove Albion;Premier League;11/06/2001
A;Escocia;;MC;Ryan Jack;Rangers;Scottish Premiership;27/02/1992
A;Escocia;;MC;John McGinn;Aston Villa;Premier League;18/10/1994
A;Escocia;;MC;Callum McGregor;Celtic;Scottish Premiership;14/06/1993
A;Escocia;;MC;Kenny McLean;Norwich City;Championship;08/01/1992
A;Escocia;;MC;Scott McTominay;Manchester United;Premier League;08/12/1996
A;Escocia;;DL;Ché Adams;Southampton;Championship;13/07/1996
A;Escocia;;DL;Tommy Conway;Bristol City;Championship;06/08/2002
A;Escocia;;DL;James Forrest;Celtic;Scottish Premiership;07/07/1991
A;Escocia;;DL;Lawrence Shankland;Heart of Midlothian;Scottish Premiership;10/08/1995
A;Suiza;;PT;Gregor Kobel;Borussia Dortmund;Bundesliga;06/12/1997
A;Suiza;;PT;Yvon Mvogo;Lorient;Ligue 1;06/06/1994
A;Suiza;;PT;Yann Sommer;Inter de Milán;Serie A;17/12/1988
A;Suiza;;DF;Manuel Akanji;Manchester City;Premier League;19/07/1995
A;Suiza;;DF;Nico Elvedi;Borussia Mönchengladbach;Bundesliga;30/09/1996
A;Suiza;;DF;Ricardo Rodríguez;FC Torino;Serie A;25/08/1992
A;Suiza;;DF;Fabian Schär;Newcastle United;Premier League;20/12/1991
A;Suiza;;DF;Leonidas Stergiou;Stuttgart;Bundesliga;03/03/2002
A;Suiza;;DF;Silvan Widmer;Mainz 05;Bundesliga;05/03/1993
A;Suiza;;DF;Cedric Zesiger;Wolfsburg;Bundesliga;24/06/1998
A;Suiza;;MC;Michel Aebischer;Bologna FC;Serie A;06/01/1997
A;Suiza;;MC;Remo Freuler;Bologna FC;Serie A;15/04/1992
A;Suiza;;MC;Ardon Jashari;FC Luzern;Swiss Super League;30/07/2002
A;Suiza;;MC;Fabien Rieder;Stade Rennais;Ligue 1;16/02/2002
A;Suiza;;MC;Xherdan Shaqiri;Chicago Fire;MLS;10/10/1991
A;Suiza;;MC;Vincent Sierro;Toulouse;Ligue 1;08/10/1995
A;Suiza;;MC;Granit Xhaka;Bayer Leverkusen;Bundesliga;27/09/1992
A;Suiza;;MC;Denis Zakaria;AS Monaco;Ligue 1;20/11/1996
A;Suiza;;DL;Zeki Amdouni;Burnley;Premier League;04/12/2000
A;Suiza;;DL;Kwadwo Duah;Ludogorets Razgrad;efbet Liga;24/02/1997
A;Suiza;;DL;Breel Embolo;AS Monaco;Ligue 1;14/02/1997
A;Suiza;;DL;Dan Ndoye;Bologna FC;Serie A;25/10/2000
A;Suiza;;DL;Noah Okafor;AC Milan;Serie A;24/05/2000
A;Suiza;;DL;Renato Steffen;FC Lugano;Swiss Super League;03/11/1991
A;Suiza;;DL;Ruben Vargas;FC Augsburg;Bundesliga;05/08/1998
A;Suiza;;DL;Andi Zeqiri;KRC Genk;Jupiler Pro League;22/06/1999
A;Suiza;;DL;Steven Zuber;AEK Athens;Super League Greece;17/08/1991
A;Hungría;12;PT;Dénes Dibusz;Ferencváros;Nemzeti Bajnokság I;16/11/1990
A;Hungría;1;PT;Péter Gulácsi;RB Leipzig;Bundesliga;06/05/1990
A;Hungría;22;PT;Péter Szappanos;Paksi SE;Nemzeti Bajnokság I;14/11/1990
A;Hungría;3;DF;Botond Balogh;Parma Calcio;Serie B;06/06/2002
A;Hungría;21;DF;Endre Botka;Ferencváros;Nemzeti Bajnokság I;25/08/1994
A;Hungría;24;DF;Marton Dárdai;Hertha BSC;2. Bundesliga;12/02/2002
A;Hungría;5;DF;Attila Fiola;MOL Fehérvár FC;Nemzeti Bajnokság I;17/02/1990
A;Hungría;2;DF;Ádám Lang;Omonia;Nemzeti Bajnokság I;17/01/1993
A;Hungría;6;DF;Willi Orbán;RB Leipzig;Bundesliga;03/11/1992
A;Hungría;4;DF;Attila Szalai;SC Freiburg;Bundesliga;20/01/1998
A;Hungría;14;MC;Bendegúz Bolla;Servette FC;Swiss Super League;22/11/1999
A;Hungría;16;MC;Daniel Gazdag;Philadelphia Union;MLS;02/03/1996
A;Hungría;25;MC;Kriztofer Horváth;Kecskeméti TE;Nemzeti Bajnokság I;08/01/2002
A;Hungría;26;MC;Mihály Kata;MTK Budapest;Nemzeti Bajnokság I;13/04/2002
A;Hungría;11;MC;Milos Kerkez;AFC Bournemouth;Premier League;07/11/2003
A;Hungría;15;MC;László Kleinheisler;Hajduk Split;Prva HNL;08/04/1994
A;Hungría;8;MC;Ádám Nagy;Spezia Calcio;Serie B;17/06/1995
A;Hungría;18;MC;Zsolt Nagy;Puskás Akadémia;Nemzeti Bajnokság I;25/05/1993
A;Hungría;7;MC;Loïc Négo;Le Havre AC;Ligue 1;15/01/1991
A;Hungría;13;MC;András Schäfer;Union Berlin;Bundesliga;13/04/1999
A;Hungría;17;MC;Callum Styles;AFC Sunderland;Championship;28/03/2000
A;Hungría;10;MC;Dominik Szoboszlai;Liverpool;Premier League;25/10/2000
A;Hungría;9;DL;Martin Ádám;Ulsan HD;K League 1;06/11/1994
A;Hungría;23;DL;Kevin Csoboth;Ujpest FC;Nemzeti Bajnokság I;20/06/2000
A;Hungría;20;DL;Roland Sallai;SC Freiburg;Bundesliga;22/05/1997
A;Hungría;19;DL;Barnabás Varga;Ferencváros;Nemzeti Bajnokság I;25/10/1994
B;Italia;;PT;Gianluigi Donnarumma;PSG;Ligue 1;25/02/1999
B;Italia;;PT;Alex Meret;Napoli;Serie A;22/03/1997
B;Italia;;PT;Ivan Provedel;Lazio;Serie A;17/03/1994
B;Italia;;PT;Guglielmo Vicario;Tottenham;Premier League;07/10/1996
B;Italia;;DF;Alessandro Bastoni;Inter Milan;Serie A;13/04/1999
B;Italia;;DF;Raoul Bellanova;Torino;Serie A;17/05/2000
B;Italia;;DF;Alessandro Buongiorno;Torino;Serie A;06/06/1999
B;Italia;;DF;Riccardo Calafiori;Bologna;Serie A;19/05/2002
B;Italia;;DF;Andrea Cambiaso;Juventus;Serie A;20/02/2000
B;Italia;;DF;Matteo Darmian;Inter Milan;Serie A;02/12/1989
B;Italia;;DF;Giovanni Di Lorenzo;Napoli;Serie A;04/08/1993
B;Italia;;DF;Federico Dimarco;Inter Milan;Serie A;10/11/1997
B;Italia;;DF;Gianluca Mancini;Roma;Serie A;17/04/1996
B;Italia;;DF;Federico Gatti;Juventus;Serie A;24/06/1998
B;Italia;;MC;Nicolò Barella;Inter Milan;Serie A;07/02/1997
B;Italia;;MC;Bryan Cristante;Roma;Serie A;03/03/1995
B;Italia;;MC;Nicolò Fagioli;Juventus;Serie A;12/02/2001
B;Italia;;MC;Michael Folorunsho;Hellas Verona;Serie A;07/02/1998
B;Italia;;MC;Davide Frattesi;Inter Milan;Serie A;22/09/1999
B;Italia;;MC;Jorginho;Arsenal;Premier League;20/12/1991
B;Italia;;MC;Lorenzo Pellegrini;Roma;Serie A;19/06/1996
B;Italia;;MC;Samuele Ricci;Torino;Serie A;21/08/2001
B;Italia;;DL;Federico Chiesa;Juventus;Serie A;25/10/1997
B;Italia;;DL;Stephan El Shaarawy;Roma;Serie A;27/10/1992
B;Italia;;DL;Riccardo Orsolini;Bologna;Serie A;24/01/1997
B;Italia;;DL;Giacomo Raspadori;Napoli;Serie A;18/02/2000
B;Italia;;DL;Mateo Retegui;Genoa;Serie A;29/04/1999
B;Italia;;DL;Gianluca Scamacca;Atalanta;Serie A;01/01/1999
B;Italia;;DL;Mattia Zaccagni;Lazio;Serie A;16/06/1995
B;España;1;PT;David Raya;Arsenal;Premier League;15/09/1995
B;España;13;PT;Álex Remiro;Real Sociedad;La Liga;24/03/1995
B;España;23;PT;Unai Simón;Athletic Bilbao;La Liga;11/06/1997
B;España;2;DF;Dani Carvajal;Real Madrid;La Liga;11/01/1992
B;España;24;DF;Marc Cucurella;Chelsea;Premier League;22/07/1998
B;España;4;DF;Nacho Fernández;Real Madrid;La Liga;18/01/1990
B;España;12;DF;Alejandro Grimaldo;Bayer Leverkusen;Bundesliga;20/09/1995
B;España;14;DF;Aymeric Laporte;Al Nassr;Saudi Pro League;27/05/1994
B;España;3;DF;Robin Le Normand;Real Sociedad;La Liga;11/11/1996
B;España;22;DF;Jesús Navas;Sevilla;La Liga;21/11/1985
B;España;5;DF;Dani Vivian;Athletic Bilbao;La Liga;05/07/1999
B;España;15;MC;Álex Baena;Villarreal;La Liga;20/07/2001
B;España;20;MC;Pedri González;Barcelona;La Liga;25/11/2002
B;España;16;MC;Rodri Hernández;Manchester City;Premier League;22/06/1996
B;España;25;MC;Fermín López;Barcelona;La Liga;11/05/2003
B;España;6;MC;Mikel Merino;Real Sociedad;La Liga;22/06/1996
B;España;8;MC;Fabián Ruiz;PSG;Ligue 1;03/04/1996
B;España;18;MC;Martín Zubimendi;Real Sociedad;La Liga;02/02/1999
B;España;9;DL;Joselu Mato;Real Madrid;La Liga;27/03/1990
B;España;7;DL;Álvaro Morata;Atletico Madrid;La Liga;23/10/1992
B;España;10;DL;Dani Olmo;RB Leipzig;Bundesliga;07/05/1998
B;España;21;DL;Mikel Oyarzabal;Real Sociedad;La Liga;21/04/1997
B;España;26;DL;Ayoze Pérez;Real Betis;La Liga;29/07/1993
B;España;11;DL;Ferrán Torres;Barcelona;La Liga;29/02/2000
B;España;17;DL;Nico Williams;Athletic Bilbao;La Liga;12/07/2002
B;España;19;DL;Lamine Yamal;Barcelona;La Liga;13/07/2007
B;Croacia;;PT;Ivica Ivuši?;Pafos;First Division;01/02/1995
B;Croacia;;PT;Nediljko Labrovi?;Rijeka;Prva HNL;06/10/1999
B;Croacia;;PT;Dominik Livakovi?;Fenerbahçe;Süper Lig;09/01/1995
B;Croacia;;DF;Martin Erli?;Sassuolo;Serie A;24/01/1998
B;Croacia;;DF;Joško Gvardiol;Manchester City;Premier League;23/01/2002
B;Croacia;;DF;Josip Juranovi?;Union Berlin;Bundesliga;16/08/1995
B;Croacia;;DF;Marin Pongra?i?;Lecce;Serie A;11/09/1997
B;Croacia;;DF;Borna Sosa;Ajax;Eredivisie;21/01/1998
B;Croacia;;DF;Josip Staniši?;Bayer Leverkusen;Bundesliga;06/04/2000
B;Croacia;;DF;Josip Šutalo;Ajax;Eredivisie;28/04/2000
B;Croacia;;DF;Domagoj Vida;AEK Athens;Super League Greece;29/04/1989
B;Croacia;;MC;Martin Baturina;Dinamo Zagreb;Prva HNL;16/02/2003
B;Croacia;;MC;Marcelo Brozovi?;Al Nassr;Saudi Pro League;16/11/1992
B;Croacia;;MC;Luka Ivanušec;Feyenoord;Eredivisie;26/08/1998
B;Croacia;;MC;Mateo Kova?i?;Manchester City;Premier League;06/05/1994
B;Croacia;;MC;Lovro Majer;Wolfsburg;Bundesliga;17/01/1998
B;Croacia;;MC;Luka Modri?;Real Madrid;La Liga;09/09/1985
B;Croacia;;MC;Mario Pašali?;Atalanta;Serie A;09/02/1995
B;Croacia;;MC;Luka Su?i?;Red Bull Salzburg;Austrian Bundesliga;09/09/2002
B;Croacia;;MC;Nikola Vlaši?;Torino;Serie A;04/10/1997
B;Croacia;;DL;Ante Budimir;Osasuna;La Liga;22/07/1991
B;Croacia;;DL;Andrej Kramari?;TSG 1899 Hoffenheim;Bundesliga;19/06/1991
B;Croacia;;DL;Marco Pašali?;Rijeka;Prva HNL;14/09/2000
B;Croacia;;DL;Ivan Periši?;Hajduk Split;Prva HNL;02/02/1989
B;Croacia;;DL;Bruno Petkovi?;Dinamo Zagreb;Prva HNL;06/09/1994
B;Croacia;;DL;Marko Pjaca;Rijeka;Prva HNL;06/05/1995
B;Albania;;PT;Etrit Berisha;Empoli;Serie A;10/03/1989
B;Albania;;PT;Elhan Kastrati;Cittadella;Serie B;02/02/1997
B;Albania;;PT;Simon Simoni;Eintracht Frankfurt;Bundesliga;14/07/2004
B;Albania;;PT;Thomas Strakosha;Brentford;Premier League;19/03/1995
B;Albania;;DF;Naser Aliji;FC Voluntari;Liga I;27/12/1993
B;Albania;;DF;Arlind Ajeti;Cluj;Liga I;25/09/1993
B;Albania;;DF;Ivan Balliu;Rayo Vallecano;La Liga;01/01/1992
B;Albania;;DF;Berat Djimsiti;Atalanta;Serie A;19/02/1993
B;Albania;;DF;Elseid Hysaj;Lazio;Serie A;02/02/1994
B;Albania;;DF;Ardian Ismajli;Empoli;Serie A;30/09/1996
B;Albania;;DF;Marash Kumbulla;Sassuolo;Serie A;08/02/2000
B;Albania;;DF;Enea Mihaj;Famalicão;Primeira Liga;05/07/1998
B;Albania;;DF;Mario Mitaj;Lokomotiv Moskva;Prem'yer-Liga;06/08/2003
B;Albania;;MC;Amir Abrashi;Grasshopper;Swiss Super League;27/03/1990
B;Albania;;MC;Kristjan Asllani;Inter Milan;Serie A;09/03/2002
B;Albania;;MC;Nedim Bajrami;Sassuolo;Serie A;28/02/1999
B;Albania;;MC;Medon Berisha;Lecce;Serie A;21/10/2003
B;Albania;;MC;Klaus Gjasula;Darmstadt;Bundesliga;14/12/1989
B;Albania;;MC;Qazim Laçi;Sparta Praha;Fortuna Liga;19/01/1996
B;Albania;;MC;Ernest Muçi;Be?ikta?;Süper Lig;19/03/2001
B;Albania;;MC;Ylber Ramadani;Lecce;Serie A;12/04/1996
B;Albania;;DL;Jasir Asani;Gwangju FC;K League 1;19/05/1995
B;Albania;;DL;Armando Broja;Fulham;Premier League;10/09/2001
B;Albania;;DL;Mirlind Daku;Rubin Kazan;Prem'yer-Liga;01/01/1998
B;Albania;;DL;Arbër Hoxha;Dinamo Zagreb;Prva HNL;06/10/1998
B;Albania;;DL;Rey Manaj;Sivasspor;Süper Lig;24/02/1997
B;Albania;;DL;Taulant Seferi;FC Baniyas;UAE Pro League;15/11/1996
C;Inglaterra;;PT;Dean Henderson;Crystal Palace;Premier League;12/03/1997
C;Inglaterra;;PT;Jordan Pickford;Everton;Premier League;07/03/1994
C;Inglaterra;;PT;Aaron Ramsdale;Arsenal;Premier League;14/05/1998
C;Inglaterra;;DF;Lewis Dunk;Brighton & Hove Albion;Premier League;21/11/1991
C;Inglaterra;;DF;Joe Gomez;Liverpool;Premier League;23/05/1997
C;Inglaterra;;DF;Marc Guéhi;Crystal Palace;Premier League;13/07/2000
C;Inglaterra;;DF;Ezri Konsa;Aston Villa;Premier League;23/10/1997
C;Inglaterra;;DF;Luke Shaw;Manchester United;Premier League;12/07/1995
C;Inglaterra;;DF;John Stones;Manchester City;Premier League;28/05/1994
C;Inglaterra;;DF;Kieran Trippier;Newcastle United;Premier League;19/09/1990
C;Inglaterra;;DF;Kyle Walker;Manchester City;Premier League;28/05/1990
C;Inglaterra;;MC;Trent Alexander-Arnold;Liverpool;Premier League;07/10/1998
C;Inglaterra;;MC;Conor Gallagher;Chelsea;Premier League;06/02/2000
C;Inglaterra;;MC;Kobbie Mainoo;Manchester United;Premier League;19/04/2005
C;Inglaterra;;MC;Declan Rice;Arsenal;Premier League;14/01/1999
C;Inglaterra;;MC;Adam Wharton;Crystal Palace;Premier League;06/02/2004
C;Inglaterra;;DL;Jude Bellingham;Real Madrid;La Liga;29/06/2003
C;Inglaterra;;DL;Jarrod Bowen;West Ham United;Premier League;20/12/1996
C;Inglaterra;;DL;Eberechi Eze;Crystal Palace;Premier League;29/06/1998
C;Inglaterra;;DL;Phil Foden;Manchester City;Premier League;28/05/2000
C;Inglaterra;;DL;Anthony Gordon;Newcastle United;Premier League;24/02/2001
C;Inglaterra;;DL;Harry Kane;Bayern Munich;Bundesliga;28/07/1993
C;Inglaterra;;DL;Cole Palmer;Chelsea;Premier League;06/05/2002
C;Inglaterra;;DL;Bukayo Saka;Arsenal;Premier League;05/09/2001
C;Inglaterra;;DL;Ivan Toney;Brentford;Premier League;16/03/1996
C;Inglaterra;;DL;Ollie Watkins;Aston Villa;Premier League;30/12/1995
C;Serbia;;PT;Vanja Milinkovi?-Savi?;Torino;Serie A;20/02/1997
C;Serbia;;PT;?or?e Petrovi?;Chelsea;Premier League;08/10/1999
C;Serbia;;PT;Predrag Rajkovi?;Mallorca;La Liga;31/10/1995
C;Serbia;;DF;Srdjan Babi?;Spartak Moskva;Prem'yer-Liga;22/04/1996
C;Serbia;;DF;Nikola Milenkovi?;Fiorentina;Serie A;12/10/1997
C;Serbia;;DF;Filip Mladenovi?;Panathinaikos;Super League Greece;15/08/1991
C;Serbia;;DF;Strahinja Pavlovi?;Red Bull Salzburg;Austrian Bundesliga;24/04/2001
C;Serbia;;DF;Uroš Spaji?;Crvena Zvezda;Superliga Srbije;13/02/1993
C;Serbia;;DF;Nemanja Stoji?;Backa Topola;Superliga Srbije;15/01/1998
C;Serbia;;DF;Miloš Veljkovi?;Werder Bremen;Bundesliga;26/09/1995
C;Serbia;;MC;Veljko Birman?evi?;Sparta Praha;Fortuna Liga;05/03/1998
C;Serbia;;MC;Mijat Ga?inovi?;AEK Athens;Super League Greece;08/02/1995
C;Serbia;;MC;Nemanja Gudelj;Sevilla;La Liga;16/11/1991
C;Serbia;;MC;Ivan Ili?;Torino;Serie A;17/03/2001
C;Serbia;;MC;Filip Kosti?;Juventus;Serie A;01/11/1992
C;Serbia;;MC;Saša Luki?;Fulham;Premier League;13/08/1996
C;Serbia;;MC;Nemanja Maksimovi?;Getafe;La Liga;26/01/1995
C;Serbia;;MC;Sr?an Mijailovi?;Crvena Zvezda;Superliga Srbije;10/11/1993
C;Serbia;;MC;Sergej Milinkovi?-Savi?;Al Hilal;Saudi Pro League;27/02/1995
C;Serbia;;MC;Lazar Samardži?;Udinese Calcio;Serie A;24/02/2002
C;Serbia;;MC;Dušan Tadi?;Fenerbahçe;Süper Lig;20/11/1988
C;Serbia;;MC;Andrija Živkovi?;PAOK;Super League Greece;11/07/1996
C;Serbia;;DL;Luka Jovi?;AC Milan;Serie A;23/12/1997
C;Serbia;;DL;Aleksandar Mitrovi?;Al Hilal;Saudi Pro League;16/09/1994
C;Serbia;;DL;Dušan Vlahovi?;Juventus;Serie A;28/01/2000
C;Serbia;;DL;Petar Ratkov;Red Bull Salzburg;Austrian Bundesliga;18/08/2003
C;Dinamarca;;PT;Mads Hermansen;Leicester City;Championship;11/07/2000
C;Dinamarca;;PT;Frederik Rønnow;Union Berlin;Bundesliga;04/08/1992
C;Dinamarca;;PT;Kasper Schmeichel;Anderlecht;Belgian Pro League;05/11/1986
C;Dinamarca;;DF;Joachim Andersen;Crystal Palace;Premier League;31/05/1996
C;Dinamarca;;DF;Alexander Bah;Benfica;Primeira Liga;09/12/1997
C;Dinamarca;;DF;Andreas Christensen;Barcelona;La Liga;10/04/1996
C;Dinamarca;;DF;Simon Kjær;AC Milan;Serie A;26/03/1989
C;Dinamarca;;DF;Joakim Mæhle;Wolfsburg;Bundesliga;20/05/1997
C;Dinamarca;;DF;Victor Nelsson;Galatasaray;Super Lig;14/10/1998
C;Dinamarca;;DF;Victor Kristiansen;Bologna;Serie A;16/12/2002
C;Dinamarca;;DF;Rasmus Nissen Kristensen;AS Roma;Serie A;11/07/1997
C;Dinamarca;;DF;Jannik Vestergaard;Leicester City;Championship;03/08/1992
C;Dinamarca;;MC;Thomas Delaney;Anderlecht;Belgian Pro League;03/09/1991
C;Dinamarca;;MC;Christian Eriksen;Manchester United;Premier League;14/02/1992
C;Dinamarca;;MC;Morten Hjulmand;Sporting CP;Primeira Liga;25/06/1999
C;Dinamarca;;MC;Pierre-Emile Højbjerg;Tottenham Hotspur;Premier League;05/08/1995
C;Dinamarca;;MC;Mathias Jensen;Brentford;Premier League;01/01/1996
C;Dinamarca;;MC;Christian Nørgaard;Brentford;Premier League;10/03/1994
C;Dinamarca;;DL;Jacob Bruun Larsen;Burnley;Premier League;19/09/1998
C;Dinamarca;;DL;Mikkel Damsgaard;Brentford;Premier League;03/07/2000
C;Dinamarca;;DL;Kasper Dolberg;Anderlecht;Belgian Pro League;06/10/1997
C;Dinamarca;;DL;Andreas Dreyer;Anderlecht;Belgian Pro League;02/05/1998
C;Dinamarca;;DL;Rasmus Højlund;Manchester United;Premier League;04/02/2003
C;Dinamarca;;DL;Andreas Skov Olsen;Club Brugge;Belgian Pro League;29/12/1999
C;Dinamarca;;DL;Jonas Wind;VfL Wolfsburg;Bundesliga;07/02/1999
C;Dinamarca;;DL;Yussuf Yurary Poulsen;RB Leipzig;Bundesliga;15/06/1994
C;Eslovenia;;PT;Vid Belec;APOEL;Cypriot First Division;06/06/1990
C;Eslovenia;;PT;Jan Oblak;Atlético Madrid;La Liga;07/01/1993
C;Eslovenia;;PT;Igor Vekic;Vejle BK;Superligaen;06/05/1998
C;Eslovenia;;PT;Matevž Vidovšek;Olimpija Ljubljana;PrvaLiga Telemach;30/10/1999
C;Eslovenia;;DF;Jure Balkovec;Alanyaspor;Süper Lig;09/09/1994
C;Eslovenia;;DF;Jaka Bijol;Udinese;Serie A;05/02/1999
C;Eslovenia;;DF;Miha Blaži?;Lech Poznan;Ekstraklasa;08/05/1993
C;Eslovenia;;DF;David Brekalo;Orlando City;MLS;03/12/1998
C;Eslovenia;;DF;Vanja Drkuši?;Sochi;Prem'yer-Liga;30/10/1999
C;Eslovenia;;DF;Erik Janža;Górnik Zabrze;Ekstraklasa;21/06/1993
C;Eslovenia;;DF;Žan Karni?nik;NK Celje;PrvaLiga Telemach;18/09/1994
C;Eslovenia;;DF;Žan Zaletel;Viborg FF;Superligaen;16/09/1999
C;Eslovenia;;MC;Timi Max Elšnik;Olimpija Ljubljana;PrvaLiga Telemach;29/04/1998
C;Eslovenia;;MC;Adam Gnezda ?erin;Panathinaikos;Super League Greece;16/07/1999
C;Eslovenia;;MC;Jon Gorenc Stankovi?;SK Sturm Graz;Austrian Bundesliga;14/01/1996
C;Eslovenia;;MC;Tomi Horvat;SK Sturm Graz;Austrian Bundesliga;24/03/1999
C;Eslovenia;;MC;Jasmin Kurti?;Südtirol;Serie B;10/01/1989
C;Eslovenia;;MC;Sandi Lovri?;Udinese;Serie A;28/03/1998
C;Eslovenia;;MC;Petar Stojanovi?;Sampdoria;Serie B;07/10/1995
C;Eslovenia;;MC;Benjamin Verbi?;Panathinaikos;Super League Greece;27/11/1993
C;Eslovenia;;MC;Miha Zajc;Fenerbahçe;Süper Lig;01/07/1994
C;Eslovenia;;MC;Adrian Zeljkovi?;Spartak Trnava;Niké Liga;19/08/2002
C;Eslovenia;;MC;Nino Žugelj;Bodø/Glimt;Eliteserien;25/07/1992
C;Eslovenia;;DL;Žan Celar;FC Lugano;Swiss Super League;14/03/1999
C;Eslovenia;;DL;Josip Ili?i?;NK Maribor;PrvaLiga Telemach;29/01/1988
C;Eslovenia;;DL;Jan Mlakar;Pisa;Serie B;23/10/1998
C;Eslovenia;;DL;Benjamin Šeško;RB Leipzig;Bundesliga;31/05/2003
C;Eslovenia;;DL;Andraž Šporar;Panathinaikos;Super League Greece;27/02/1994
C;Eslovenia;;DL;Zan Vipotnik;Girondins Bordeaux;Ligue 2;18/03/2002
C;Eslovenia;;DL;Luka Zahovi?;Pogon Szczecin;Ekstraklasa;15/11/1995
D;Francia;23;PT;Alphonse Areola;West Ham United;Premier League;27/02/1993
D;Francia;16;PT;Mike Maignan;AC Milan;Serie A;03/07/1995
D;Francia;1;PT;Brice Samba;Lens;Ligue 1;25/04/1994
D;Francia;21;DF;Jonathan Clauss;Olympique Marseille;Ligue 1;25/09/1992
D;Francia;22;DF;Théo Hernandez;AC Milan;Serie A;06/10/1997
D;Francia;24;DF;Ibrahima Konaté;Liverpool;Premier League;25/05/1999
D;Francia;5;DF;Jules Koundé;Barcelona;La Liga;12/11/1998
D;Francia;3;DF;Ferland Mendy;Real Madrid;La Liga;08/06/1995
D;Francia;2;DF;Benjamin Pavard;Inter Milan;Serie A;28/03/1996
D;Francia;17;DF;William Saliba;Arsenal;Premier League;24/03/2001
D;Francia;4;DF;Dayot Upamecano;Bayern Munich;Bundesliga;27/10/1998
D;Francia;6;MC;Eduardo Camavinga;Real Madrid;La Liga;10/11/2002
D;Francia;19;MC;Youssouf Fofana;AS Monaco;Ligue 1;10/01/1999
D;Francia;13;MC;N'Golo Kanté;Al-Ittihad;Saudi Pro League;29/03/1991
D;Francia;14;MC;Adrien Rabiot;Juventus;Serie A;03/04/1995
D;Francia;8;MC;Aurélien Tchouaméni;Real Madrid;La Liga;27/01/2000
D;Francia;18;MC;Warren Zaïre-Emery;Paris Saint-Germain;Ligue 1;08/03/2006
D;Francia;25;DL;Bradley Barcola;Paris Saint-Germain;Ligue 1;02/09/2002
D;Francia;20;DL;Kingsley Coman;Bayern Munich;Bundesliga;13/06/1996
D;Francia;11;DL;Ousmane Dembélé;Paris Saint-Germain;Ligue 1;15/05/1997
D;Francia;9;DL;Olivier Giroud;AC Milan;Serie A;30/09/1986
D;Francia;7;DL;Antoine Griezmann;Atletico Madrid;La Liga;21/03/1991
D;Francia;12;DL;Randal Kolo Muani;Paris Saint-Germain;Ligue 1;05/12/1998
D;Francia;10;DL;Kylian Mbappé;Paris Saint-Germain;Ligue 1;20/12/1998
D;Francia;15;DL;Marcus Thuram;Inter Milan;Serie A;06/08/1997
D;Austria;;PT;Niklas Hedl;SK Rapid Wien;Austrian Bundesliga;17/07/1990
D;Austria;;PT;Tobias Lawal;LASK Linz;Austrian Bundesliga;07/06/2000
D;Austria;;PT;Heinz Lindner;Union Saint-Gilloise;Jupiler Pro League;17/07/1990
D;Austria;;PT;Patrick Pentz;Brøndby IF;Superligaen;02/01/1997
D;Austria;;DF;Flavius Daniliuc;Red Bull Salzburg;Austrian Bundesliga;27/04/2001
D;Austria;;DF;Kevin Danso;Lens;Ligue 1;19/09/1998
D;Austria;;DF;Stefan Lainer;Borussia Mönchengladbach;Bundesliga;27/08/1992
D;Austria;;DF;Philipp Lienhart;SC Freiburg;Bundesliga;11/07/1996
D;Austria;;DF;Philipp Mwene;Mainz 05;Bundesliga;29/01/1994
D;Austria;;DF;Stefan Posch;Bologna;Serie A;14/05/1997
D;Austria;;DF;Leopold Querfeld;SK Rapid Wien;Austrian Bundesliga;20/12/2003
D;Austria;;DF;Gernot Trauner;Feyenoord;Eredivisie;25/03/1992
D;Austria;;DF;Maximilian Wöber;Borussia Mönchengladbach;Bundesliga;04/02/1998
D;Austria;;MC;Thierno Ballo;Wolfsberger;Austrian Bundesliga;02/01/2002
D;Austria;;MC;Christoph Baumgartner;RB Leipzig;Bundesliga;01/08/1999
D;Austria;;MC;Florian Grillitsch;TSG 1899 Hoffenheim;Bundesliga;07/08/1995
D;Austria;;MC;Florian Kainz;FC Köln;Bundesliga;24/10/1992
D;Austria;;MC;Konrad Laimer;Bayern Munich;Bundesliga;27/05/1997
D;Austria;;MC;Alexander Prass;SK Sturm Graz;Austrian Bundesliga;26/05/2001
D;Austria;;MC;Marcel Sabitzer;Borussia Dortmund;Bundesliga;17/03/1994
D;Austria;;MC;Romano Schmid;Werder Bremen;Bundesliga;27/01/2000
D;Austria;;MC;Nicolas Seiweld;RB Leipzig;Bundesliga;04/05/2001
D;Austria;;MC;Matthias Seidl;SK Rapid Wien;Austrian Bundesliga;24/01/2001
D;Austria;;DL;Marko Arnautovi?;Inter Milan;Serie A;19/04/1989
D;Austria;;DL;Maximilian Entrup;TSV Hartberg;Austrian Bundesliga;25/07/1997
D;Austria;;DL;Michael Gregoritsch;Freiburg;Bundesliga;18/04/1994
D;Austria;;DL;Marco Grüll;SK Rapid Wien;Austrian Bundesliga;06/07/1998
D;Austria;;DL;Andreas Weimann;West Bromwich Albion;Championship;05/08/1991
D;Austria;;DL;Patrick Wimmer;Wolfsburg;Bundesliga;30/05/2001
D;Países Bajos;;PT;Justin Bijlow;Feyenoord;Eredivisie;22/01/1998
D;Países Bajos;;PT;Mark Flekken;Brentford;Premier League;13/06/1993
D;Países Bajos;;PT;Bart Verbruggen;Brighton & Hove Albion;Premier League;18/08/2002
D;Países Bajos;;DF;Nathan Aké;Manchester City;Premier League;18/02/1995
D;Países Bajos;;DF;Daley Blind;Girona FC;La Liga;09/03/1990
D;Países Bajos;;DF;Matthijs de Ligt;Bayern Munich;Bundesliga;12/08/1999
D;Países Bajos;;DF;Stefan de Vrij;Inter Milan;Serie A;05/02/1992
D;Países Bajos;;DF;Denzel Dumfries;Inter Milan;Serie A;18/04/1996
D;Países Bajos;;DF;Jeremie Frimpong;Bayer Leverkusen;Bundesliga;10/12/2000
D;Países Bajos;;DF;Lutsharel Geertruida;Feyenoord;Eredivisie;18/07/2000
D;Países Bajos;;DF;Virgil van Dijk;Liverpool;Premier League;08/07/1991
D;Países Bajos;;DF;Micky van de Ven;Tottenham Hotspur;Premier League;19/04/2001
D;Países Bajos;;MC;Frenkie de Jong;Barcelona;La Liga;12/05/1997
D;Países Bajos;;MC;Ryan Gravenberch;Liverpool;Premier League;16/05/2002
D;Países Bajos;;MC;Teun Koopmeiners;Atalanta;Serie A;28/02/1998
D;Países Bajos;;MC;Tijjani Reijnders;AC Milan;Serie A;29/07/1998
D;Países Bajos;;MC;Jerdy Schouten;PSV Eindhoven;Eredivisie;12/01/1997
D;Países Bajos;;MC;Xavi Simons;RB Leipzig;Bundesliga;21/04/2003
D;Países Bajos;;MC;Joey Veerman;PSV Eindhoven;Eredivisie;19/08/1998
D;Países Bajos;;MC;Georginio Wijnaldum;Al-Ettifaq;Saudi Pro League;11/11/1990
D;Países Bajos;;DL;Steven Bergwijn;Ajax;Eredivisie;07/10/1997
D;Países Bajos;;DL;Brian Brobbey;Ajax;Eredivisie;01/02/2002
D;Países Bajos;;DL;Memphis Depay;Atlético Madrid;La Liga;13/02/1994
D;Países Bajos;;DL;Cody Gakpo;Liverpool;Premier League;07/05/1999
D;Países Bajos;;DL;Donyell Malen;Borussia Dortmund;Bundesliga;19/01/1999
D;Países Bajos;;DL;Wout Weghorst;TSG 1899 Hoffenheim;Bundesliga;07/08/1992
D;Polonia;;PT;Marcin Bu?ka;OGC Nice;Ligue 1;04/10/1999
D;Polonia;;PT;?ukasz Skorupski;Bologna;Serie A;05/05/1991
D;Polonia;;PT;Wojciech Szcz?sny;Juventus;Serie A;18/04/1990
D;Polonia;;PT;Mateusz Kochalski;Stal Mielec;Ekstraklasa;25/07/2000
D;Polonia;;DF;Jan Bednarek;Southampton;Championship;12/04/1996
D;Polonia;;DF;Bartosz Bereszy?ski;Empoli;Serie A;12/07/1992
D;Polonia;;DF;Pawe? Bochniewicz;Heerenveen;Eredivisie;30/01/1996
D;Polonia;;DF;Pawe? Dawidowicz;Hellas Verona;Serie A;20/05/1995
D;Polonia;;DF;Jakub Kiwior;Arsenal;Premier League;15/02/2000
D;Polonia;;DF;Tymoteusz Puchacz;Kaiserslautern;2. Bundesliga;23/01/1999
D;Polonia;;DF;Bartosz Salamon;Lech Poznan;Ekstraklasa;01/05/1991
D;Polonia;;DF;Sebastian Walukiewicz;Empoli;Serie A;05/04/2000
D;Polonia;;MC;Przemys?aw Frankowski;Lens;Ligue 1;12/04/1995
D;Polonia;;MC;Kamil Grosicki;Pogon Szczecin;Ekstraklasa;08/06/1988
D;Polonia;;MC;Jakub Moder;Brighton & Hove Albion;Premier League;07/04/1999
D;Polonia;;MC;Jakub Piotrowski;Ludogorets Razgrad;efbet Liga;04/10/1997
D;Polonia;;MC;Taras Romanczuk;Jagiellonia Bia?ystok;Ekstraklasa;14/11/1991
D;Polonia;;MC;Micha? Skóra?;Club Brugge;Jupiler Pro League;15/02/2000
D;Polonia;;MC;Bartosz Slisz;Atlanta United;MLS;29/03/1999
D;Polonia;;MC;Damian Szyma?ski;AEK Athens;Super League Greece;16/06/1995
D;Polonia;;MC;Sebastian Szyma?ski;Fenerbahçe;Süper Lig;10/05/1999
D;Polonia;;MC;Kacper Urba?ski;Bologna;Serie A;07/09/2004
D;Polonia;;MC;Nicola Zalewski;AS Roma;Serie A;23/01/2002
D;Polonia;;MC;Piotr Zieli?ski;Napoli;Serie A;20/05/1994
D;Polonia;;DL;Adam Buksa;Antalyaspor;Süper Lig;12/07/1996
D;Polonia;;DL;Robert Lewandowski;Barcelona;La Liga;21/08/1988
D;Polonia;;DL;Arkadiusz Milik;Juventus;Serie A;28/02/1994
D;Polonia;;DL;Krzysztof Pi?tek;?stanbul Ba?ak?ehir;Süper Lig;01/07/1995
D;Polonia;;DL;Karol ?widerski;Hellas Verona;Serie A;23/01/1997
E;Bélgica;1;PT;Koen Casteels;Wolfsburg;Bundesliga;25/06/1992
E;Bélgica;12;PT;Thomas Kaminski;Luton Town;Premier League;23/10/1992
E;Bélgica;13;PT;Matz Sels;Nottingham Forest;Premier League;26/02/1992
E;Bélgica;21;DF;Timothy Castagne;Fulham;Championship;05/12/1995
E;Bélgica;2;DF;Zeno Debast;Anderlecht;Jupiler Pro League;24/10/2003
E;Bélgica;25;DF;Maxim de Cuyper;Club Brugge;Jupiler Pro League;22/10/2000
E;Bélgica;4;DF;Wout Faes;Leicester City;Championship;03/04/1998
E;Bélgica;15;DF;Thomas Meunier;Trabzonspor;Süper Lig;12/09/1991
E;Bélgica;3;DF;Arthur Theate;Stade Rennais;Ligue 1;25/05/2000
E;Bélgica;5;DF;Jan Vertonghen;Anderlecht;Jupiler Pro League;24/04/1987
E;Bélgica;6;DF;Axel Witsel;Atlético Madrid;La Liga;12/01/1989
E;Bélgica;7;MC;Kevin de Bruyne;Manchester City;Premier League;28/06/1991
E;Bélgica;11;MC;Yannick Carrasco;Al-Shabab;Saudi Pro League;04/09/1993
E;Bélgica;18;MC;Orel Mangala;Olympique Lyonnais;Ligue 1;18/03/1998
E;Bélgica;24;MC;Amadou Onana;Everton;Premier League;16/08/2001
E;Bélgica;8;MC;Youri Tielemans;Aston Villa;Premier League;07/05/1997
E;Bélgica;23;MC;Arthur Vermeeren;Atlético Madrid;La Liga;07/02/2005
E;Bélgica;16;MC;Aster Vranckx;Wolfsburg;Bundesliga;04/10/2002
E;Bélgica;19;DL;Johan Bakayoko;PSV Eindhoven;Eredivisie;20/04/2003
E;Bélgica;17;DL;Charles de Ketelaere;Atalanta;Serie A;10/03/2001
E;Bélgica;22;DL;Jérémy Doku;Manchester City;Premier League;27/05/2002
E;Bélgica;10;DL;Romelu Lukaku;AS Roma;Serie A;13/05/1993
E;Bélgica;14;DL;Dodi Lukebakio;Sevilla;La Liga;24/09/1997
E;Bélgica;20;DL;Loïs Openda;RB Leipzig;Bundesliga;16/02/2000
E;Bélgica;9;DL;Leandro Trossard;Arsenal;Premier League;04/12/1994
E;Eslovaquia;;PT;Martin Dúbravka;Newcastle United;Premier League;15/01/1988
E;Eslovaquia;;PT;Henrich Ravas;New England Revolution;MLS;16/08/1997
E;Eslovaquia;;PT;Marek Rodák;Fulham;Premier League;13/12/1996
E;Eslovaquia;;PT;Dominik Taká?;Spartak Trnava;Niké Liga;12/01/1999
E;Eslovaquia;;DF;Vernon de Marco;Hatta Club;UAE Pro League;18/11/1992
E;Eslovaquia;;DF;Norbert Gyömbér;US Salernitana;Serie A;03/07/1992
E;Eslovaquia;;DF;Dávid Hancko;Feyenoord;Eredivisie;13/12/1997
E;Eslovaquia;;DF;Matúš Kme?;AS Tren?ín;Niké Liga;27/06/2000
E;Eslovaquia;;DF;Sebastian Kóša;Spartak Trnava;Niké Liga;13/09/2003
E;Eslovaquia;;DF;Adam Obert;Cagliari;Serie A;23/08/2002
E;Eslovaquia;;DF;Peter Pekarík;Hertha BSC;Bundesliga;30/10/1986
E;Eslovaquia;;DF;Milan Škriniar;Paris Saint-Germain;Ligue 1;11/02/1995
E;Eslovaquia;;DF;Michal Tomi?;SK Slavia Praha;Fortuna Liga;30/03/1999
E;Eslovaquia;;DF;Denis Vavro;FC København;Superligaen;10/04/1996
E;Eslovaquia;;MC;László Bénes;Hamburg SV;2. Bundesliga;09/09/1997
E;Eslovaquia;;MC;Matúš Bero;VfL Bochum;Bundesliga;06/09/1995
E;Eslovaquia;;MC;Ondrej Duda;Hellas Verona;Serie A;05/12/1994
E;Eslovaquia;;MC;Patrik Hrošovský;Genk;Jupiler Pro League;22/04/1992
E;Eslovaquia;;MC;Dominik Hollý;FK Jablonec;Fortuna Liga;11/11/2003
E;Eslovaquia;;MC;Jakub Kadák;FC Luzern;Swiss Super League;14/12/2000
E;Eslovaquia;;MC;Juraj Kucka;SK Slovan Bratislava;Niké Liga;26/02/1987
E;Eslovaquia;;MC;Stanislav Lobotka;Napoli;Serie A;25/11/1994
E;Eslovaquia;;MC;Tomáš Rigo;Baník Ostrava;Fortuna Liga;03/07/2002
E;Eslovaquia;;DL;Róbert Boženík;Boavista;Primeira Liga;18/11/2000
E;Eslovaquia;;DL;Dávid ?uriš;Ascoli Calcio;Serie B;22/03/1999
E;Eslovaquia;;DL;Lukáš Haraslín;Sparta Praha;Fortuna Liga;26/05/1996
E;Eslovaquia;;DL;Róbert Polievka;Dukla Banská Bystrica;Niké Liga;09/06/1996
E;Eslovaquia;;DL;Leo Sauer;Feyenoord;Eredivisie;16/12/2005
E;Eslovaquia;;DL;Ivan Schranz;SK Slavia Praha;Fortuna Liga;13/09/1993
E;Eslovaquia;;DL;David Strelec;SK Slovan Bratislava;Niké Liga;04/04/2001
E;Eslovaquia;;DL;Tomáš Suslov;Hellas Verona;Serie A;07/06/2002
E;Eslovaquia;;DL;?ubomír Tupta;Slovan Liberec;Fortuna Liga;27/03/1998
E;Rumanía;;PT;?tefan Târnovanu;FC Steaua Bucure?ti;Liga I;09/05/2000
E;Rumanía;;PT;Florin Ni??;Gaziantep;Süper Lig;03/07/1987
E;Rumanía;;PT;R?zvan Sava;Cluj;Liga I;28/05/1997
E;Rumanía;;PT;Hora?iu Moldovan;Atlético Madrid;La Liga;20/01/1998
E;Rumanía;;DF;Nicu?or Bancu;Universitatea Craiova;Liga I;18/09/1992
E;Rumanía;;DF;Andrei Burc?;Al-Okhdood;Saudi Pro League;15/04/1993
E;Rumanía;;DF;Radu Dr?gu?in;Tottenham Hotspur;Premier League;03/02/2002
E;Rumanía;;DF;Vasile Mogo?;Cluj;Liga I;31/10/1992
E;Rumanía;;DF;Ionu? Nedelcearu;Palermo;Serie B;25/04/1996
E;Rumanía;;DF;Bogdan Racovi?an;Raków Cz?stochowa;Ekstraklasa;06/06/2000
E;Rumanía;;DF;Andrei Ra?iu;Rayo Vallecano;La Liga;20/06/1998
E;Rumanía;;DF;Adrián Rus;Pafos FC;Protathlima Cyta;18/03/1996
E;Rumanía;;MC;Alexandru Cicâld?u;Konyaspor;Süper Lig;08/07/1997
E;Rumanía;;MC;Florinel Coman;FC Steaua Bucure?ti;Liga I;10/04/1998
E;Rumanía;;MC;Constantin Grameni;Farul Constanta;Liga I;23/10/2002
E;Rumanía;;MC;Ianis Hagi;Deportivo Alavés;La Liga;22/10/1998
E;Rumanía;;MC;Dennis Man;Parma Calcio;Serie B;26/08/1998
E;Rumanía;;MC;Marius Marin;Pisa SC;Serie B;30/08/1998
E;Rumanía;;MC;R?zvan Marin;Empoli;Serie A;23/05/1996
E;Rumanía;;MC;Valentin Mih?il?;Parma Calcio;Serie B;02/02/2000
E;Rumanía;;MC;Darius Olaru;FC Steaua Bucure?ti;Liga I;03/03/1998
E;Rumanía;;MC;Deian Sorescu;Gaziantep;Süper Lig;29/08/1997
E;Rumanía;;MC;Nicolae Stanciu;Wuhan Three Towns;Chinese Super League;07/05/1993
E;Rumanía;;MC;Adrian ?ut;Gaziantep;Süper Lig;30/01/1900
E;Rumanía;;DL;Denis Alibec;Muaither SC;Qatar Stars League;05/01/1991
E;Rumanía;;DL;Daniel Bîrligea;Cluj;Liga I;19/04/2000
E;Rumanía;;DL;Denis Dr?gu?;Gaziantep;Süper Lig;06/07/1999
E;Rumanía;;DL;George Pu?ca?;Bari;Serie B;08/04/1996
E;Ucrania;1;PT;Heorhii Bushchan;Dynamo Kyiv;Ukraïns?ka Prem'yer-liha;31/05/1994
E;Ucrania;23;PT;Andrii Lunin;Real Madrid;La Liga;11/02/1999
E;Ucrania;12;PT;Anatolii Trubin;Benfica;Primeira Liga;01/08/2001
E;Ucrania;19;DF;Valerii Bondar;Shajtar Donetsk;Ukraïns?ka Prem'yer-liha;27/02/1999
E;Ucrania;2;DF;Yukhym Konoplia;Shajtar Donetsk;Ukraïns?ka Prem'yer-liha;26/08/1999
E;Ucrania;22;DF;Mykola Matviienko;Shajtar Donetsk;Ukraïns?ka Prem'yer-liha;02/05/1996
E;Ucrania;3;DF;Bohdan Mykhailichenko;Polissya Zhytomyr;Ukraïns?ka Prem'yer-liha;21/03/1997
E;Ucrania;16;DF;Vitalii Mykolenko;Everton;Premier League;29/05/1999
E;Ucrania;26;DF;Oleksandr Svatok;SC Dnipro-1;Ukraïns?ka Prem'yer-liha;27/09/1994
E;Ucrania;4;DF;Maksym Talovierov;LASK Linz;Austrian Bundesliga;28/06/2000
E;Ucrania;25;DF;Oleksandr Tymchyk;Dynamo Kyiv;Ukraïns?ka Prem'yer-liha;20/01/1997
E;Ucrania;13;DF;Illia Zabarnyi;Bournemouth;Premier League;01/09/2002
E;Ucrania;14;MC;Volodymyr Brazhko;Dynamo Kyiv;Ukraïns?ka Prem'yer-liha;23/01/2002
E;Ucrania;8;MC;Ruslan Malinovskyi;Genoa;Serie A;04/05/1993
E;Ucrania;10;MC;Mykhailo Mudryk;Chelsea;Premier League;05/01/2001
E;Ucrania;18;MC;Mykola Shaparenko;Dynamo Kyiv;Ukraïns?ka Prem'yer-liha;04/10/1998
E;Ucrania;6;MC;Taras Stepanenko;Shajtar Donetsk;Ukraïns?ka Prem'yer-liha;08/08/1989
E;Ucrania;21;MC;Heorhii Sudakov;Shajtar Donetsk;Ukraïns?ka Prem'yer-liha;01/09/2002
E;Ucrania;5;MC;Serhii Sydorchuk;KVC Westerlo;Jupiler Pro League;02/05/1991
E;Ucrania;15;MC;Victor Tsyhankov;Girona;La Liga;15/11/1997
E;Ucrania;7;MC;Andrii Yarmolenko;Dynamo Kyiv;Ukraïns?ka Prem'yer-liha;23/10/1989
E;Ucrania;17;MC;Oleksandr Zinchenko;Arsenal;Premier League;15/12/1996
E;Ucrania;20;MC;Oleksandr Zubkov;Shajtar Donetsk;Ukraïns?ka Prem'yer-liha;03/08/1996
E;Ucrania;11;DL;Artem Dovbyk;Girona;La Liga;21/06/1997
E;Ucrania;24;DL;Vladyslav Vanat;Dynamo Kyiv;Ukraïns?ka Prem'yer-liha;04/01/2002
E;Ucrania;9;DL;Roman Yaremchuk;Valencia;La Liga;27/11/1995
F;Portugal;;PT;Diogo Costa;FC Porto;Primeira Liga;19/09/1999
F;Portugal;;PT;Rui Patrício;AS Roma;Serie A;15/02/1988
F;Portugal;;PT;José Sá;Wolverhampton Wanderers;Premier League;17/01/1993
F;Portugal;;DF;João Cancelo;FC Barcelona;La Liga;27/05/1994
F;Portugal;;DF;Diogo Dalot;Manchester United;Premier League;18/03/1999
F;Portugal;;DF;Rúben Dias;Manchester City;Premier League;14/05/1997
F;Portugal;;DF;Gonçalo Inácio;Sporting CP;Primeira Liga;25/08/2001
F;Portugal;;DF;Nuno Mendes;Paris Saint-Germain;Ligue 1;19/06/2002
F;Portugal;;DF;Pepe;FC Porto;Primeira Liga;26/02/1983
F;Portugal;;DF;Danilo Pereira;Paris Saint-Germain;Ligue 1;09/09/1991
F;Portugal;;DF;Nélson Semedo;Wolverhampton Wanderers;Premier League;16/11/1993
F;Portugal;;DF;António Silva;SL Benfica;Primeira Liga;30/10/2003
F;Portugal;;MC;Bruno Fernandes;Manchester United;Premier League;08/09/1994
F;Portugal;;MC;João Neves;SL Benfica;Primeira Liga;27/09/2004
F;Portugal;;MC;Rúben Neves;Al-Hilal;Saudi Pro League;13/03/1997
F;Portugal;;MC;Matheus Nunes;Manchester City;Premier League;27/08/1998
F;Portugal;;MC;João Palhinha;Fulham;Premier League;09/07/1995
F;Portugal;;MC;Bernardo Silva;Manchester City;Premier League;10/08/1994
F;Portugal;;MC;Vitinha;Paris Saint-Germain;Ligue 1;13/02/2000
F;Portugal;;DL;Francisco Conceição;FC Porto;Primeira Liga;14/12/2002
F;Portugal;;DL;João Félix;FC Barcelona;La Liga;10/11/1999
F;Portugal;;DL;Diogo Jota;Liverpool;Premier League;04/12/1996
F;Portugal;;DL;Rafael Leão;AC Milan;Serie A;10/06/1999
F;Portugal;;DL;Pedro Neto;Wolverhampton Wanderers;Premier League;09/03/2000
F;Portugal;;DL;Gonçalo Ramos;Paris Saint-Germain;Ligue 1;20/06/2001
F;Portugal;;DL;Cristiano Ronaldo;Al-Nassr;Saudi Pro League;05/02/1985
F;Chequia;;PT;Vít?zslav Jaroš;SK Sturm Graz;Austrian Bundesliga;23/07/2001
F;Chequia;;PT;Mat?j Ková?;Bayer 04 Leverkusen;Bundesliga;17/05/2000
F;Chequia;;PT;Jind?ich Stan?k;SK Slavia Praha;Fortuna Liga;27/04/1996
F;Chequia;;DF;Vladimír Coufal;West Ham United;Premier League;22/08/1992
F;Chequia;;DF;Tomáš Holeš;SK Slavia Praha;Fortuna Liga;31/03/1993
F;Chequia;;DF;Robin Hraná?;FC Viktoria Plze?;Fortuna Liga;29/01/2000
F;Chequia;;DF;David Jurásek;TSG 1899 Hoffenheim;Bundesliga;07/08/2000
F;Chequia;;DF;Ladislav Krej?í;AC Sparta Praha;Fortuna Liga;20/04/1999
F;Chequia;;DF;Martin Vitík;AC Sparta Praha;Fortuna Liga;21/01/2003
F;Chequia;;DF;Tomáš Vl?ek;SK Slavia Praha;Fortuna Liga;28/02/2001
F;Chequia;;DF;David Zima;SK Slavia Praha;Fortuna Liga;08/11/2000
F;Chequia;;MC;Antonín Barák;Fiorentina;Serie A;03/12/1994
F;Chequia;;MC;Václav ?erný;Wolfsburg;Bundesliga;17/10/1997
F;Chequia;;MC;Lukáš ?erv;FC Viktoria Plze?;Fortuna Liga;10/04/2001
F;Chequia;;MC;David Doud?ra;SK Slavia Praha;Fortuna Liga;31/05/1998
F;Chequia;;MC;Mat?j Jurásek;SK Slavia Praha;Fortuna Liga;30/08/2003
F;Chequia;;MC;Ond?ej Lingr;Feyenoord;Erediviese;07/10/1998
F;Chequia;;MC;Lukáš Provod;SK Slavia Praha;Fortuna Liga;23/10/1996
F;Chequia;;MC;Michal Sadílek;Twente Enschede;Erediviese;31/05/1999
F;Chequia;;MC;Tomáš Sou?ek;West Ham United;Premier League;27/02/1995
F;Chequia;;MC;Pavel Sulc;FC Viktoria Plze?;Fortuna Liga;29/12/2000
F;Chequia;;DL;Tomáš Chorý;FC Viktoria Plze?;Fortuna Liga;26/01/1995
F;Chequia;;DL;Mojmír Chytil;SK Slavia Praha;Fortuna Liga;29/04/1999
F;Chequia;;DL;Adam Hložek;Bayer 04 Leverkusen;Bundesliga;25/07/2002
F;Chequia;;DL;Jan Kuchta;AC Sparta Praha;Fortuna Liga;08/01/1997
F;Chequia;;DL;Patrik Schick;Bayer 04 Leverkusen;Bundesliga;24/01/1996
F;Turquía;;PT;Do?an Alemdar;ES Troyes AC;Ligue 2;29/10/2002
F;Turquía;;PT;Altay Bay?nd?r;Manchester United;Premier League;14/04/1998
F;Turquía;;PT;U?urcan Çak?r;Trabzonspor;Süper Lig;05/04/1996
F;Turquía;;PT;Mert Günok;Be?ikta?;Süper Lig;01/03/1989
F;Turquía;;DF;Samet Akaydin;Panathinaikos;Super League Greece;13/03/1994
F;Turquía;;DF;Abdülkerim Bardakc?;Galatasaray;Süper Lig;07/09/1994
F;Turquía;;DF;Zeki Çelik;AS Roma;Serie A;17/02/1997
F;Turquía;;DF;Merih Demiral;Al-Ahli;Saudi Pro League;05/03/1998
F;Turquía;;DF;Ozan Kabak;TSG 1899 Hoffenheim;Bundesliga;25/03/2000
F;Turquía;;DF;Ferdi Kad?o?lu;Fenerbahçe;Süper Lig;07/10/1999
F;Turquía;;DF;Ahmetcan Kaplan;Ajax;Erediviese;16/01/2003
F;Turquía;;DF;Mert Müldür;Fenerbahçe;Süper Lig;03/04/1999
F;Turquía;;DF;Cenk Özkacar;Valencia CF;La Liga;06/10/2000
F;Turquía;;MC;Kaan Ayhan;Galatasaray;Süper Lig;10/11/1994
F;Turquía;;MC;Hakan Çalhano?lu;Inter Milan;Serie A;08/02/1994
F;Turquía;;MC;Arda Güler;Real Madrid;La Liga;25/02/2005
F;Turquía;;MC;Orkun Kökçü;SL Benfica;Primeira Liga;29/12/2000
F;Turquía;;MC;Abdülkadir Ömür;Hull City;Championship;25/06/1999
F;Turquía;;MC;Salih Özcan;Borussia Dortmund;Bundesliga;11/01/1998
F;Turquía;;MC;Berat Özdemir;Trabzonspor;Süper Lig;23/05/1998
F;Turquía;;MC;Can Uzun;1.FC Nürnberg;2. Bundesliga;11/11/2005
F;Turquía;;MC;Okay Yoku?lu;West Bromwich Albion;Championship;09/03/1994
F;Turquía;;MC;?smail Yüksek;Fenerbahçe;Süper Lig;26/01/1999
F;Turquía;;DL;Yunus Akgün;Leicester City;Championship;07/07/2000
F;Turquía;;DL;Kerem Aktürko?lu;Galatasaray;Süper Lig;21/10/1998
F;Turquía;;DL;O?uz Ayd?n;Alanyaspor;Süper Lig;27/10/2000
F;Turquía;;DL;?rfan Can Kahveci;Fenerbahçe;Süper Lig;15/07/1995
F;Turquía;;DL;Semih K?l?çsoy;Be?ikta?;Süper Lig;15/08/2005
F;Turquía;;DL;Cenk Tosun;Be?ikta?;Süper Lig;07/06/1991
F;Turquía;;DL;Yusuf Yaz?c?;LOSC Lille;Ligue 1;29/01/1997
F;Turquía;;DL;Kenan Y?ld?z;Juventus;Serie A;04/05/2005
F;Turquía;;DL;Bar?? Alper Y?lmaz;Galatasaray;Süper Lig;23/05/2000
F;Georgia;23;PT;Luka Gugeshashvili;Qaraba?;Az?rbaycan Premyer Liqas?;29/10/1998
F;Georgia;1;PT;Giorgi Loria;Dinamo Tbilisi;Erovnuli Liga;27/01/1986
F;Georgia;12;PT;Giorgi Mamardashvili;Valencia CF;La Liga;29/09/2000
F;Georgia;3;DF;Lasha Dvali;APOEL Nicosia;Protathlima Cyta;14/05/1995
F;Georgia;13;DF;Giorgi Gocholeishvili;Shajtar Donetsk;Ukraïns?ka Prem'yer-liha;14/02/2001
F;Georgia;15;DF;Giorgi Gvelesiani;Persepolis FC;Persian Gulf Pro League;05/05/1991
F;Georgia;2;DF;Otar Kakabadze;MKS Cracovia;Ekstraklasa;27/06/1995
F;Georgia;4;DF;Guram Kashia;SK Slovan Bratislava;Niké Liga;04/07/1987
F;Georgia;5;DF;Solomon Kvirkvelia;Al-Okhdood Club;Saudi Pro League;06/02/1992
F;Georgia;14;DF;Luka Lochoshvili;US Cremonese;Serie B;29/05/1998
F;Georgia;24;DF;Jemal Tabidze;Panetolikos;Super League Greece;18/03/1996
F;Georgia;25;MC;Sandro Altunashvili;Wolfsberger;Austrian Bundesliga;14/01/1997
F;Georgia;10;MC;Giorgi Chakvetadze;Watford;Championship;29/08/1999
F;Georgia;17;MC;Otar Kiteishvili;Sturm Graz;Austrian Bundesliga;26/03/1996
F;Georgia;6;MC;Giorgi Kochorashvili;Levante UD;LaLiga 2;29/06/1999
F;Georgia;16;MC;Nika Kvekveskiri;Lech Pozna?;Ekstraklasa;29/05/1992
F;Georgia;26;MC;Anzor Mekvabishvili;Universitatea Craiova;Liga I;05/06/2001
F;Georgia;20;MC;Gabriel Sigua;FC Basel;Swiss Super League;30/06/2005
F;Georgia;9;DL;Zuriko Davitashvili;Girondins Bordeaux;Ligue 2;15/02/2001
F;Georgia;7;DL;Khvicha Kvaratskhelia;Napoli;Serie A;12/02/2001
F;Georgia;11;DL;Giorgi Kvilitaia;APOEL Nicosia;Protathlima Cyta;01/10/1993
F;Georgia;18;DL;Saba Lobzhanidze;Atlanta United;MLS;18/12/1994
F;Georgia;22;DL;Georges Mikautadze;Metz;Ligue 2;31/10/2000
F;Georgia;19;DL;Levan Shengelia;Panetolikos;Super League Greece;07/10/1995
F;Georgia;21;DL;Heorhiy Tsitaishvili;Dinamo Batumi;Erovnuli Liga;18/11/2000
F;Georgia;8;DL;Budu Zivzivadze;Karlsruher SC;2. Bundesliga;10/03/1994
